Unnamed: 0,x1,x2,x3,x4,y0,y1,y2,y3,y4,y5,y6,y7,y8,y9,y10,y11,y12,y13,y14,y15,y16,y17,y18,y19,y20,y21,y22,y23,y24,y25,y26,y27,y28,y29,y30,y31,y32,y33,y34,y35,y36,y37,y38,y39,y40,y41,y42,y43,y44,y45,y46,y47,y48,y49,y50,y51,y52,y53,y54,y55,y56,y57,y58,y59,y60,y61,y62,y63,y64,y65,y66,y67,y68,y69,y70,y71,y72,y73,y74,y75,y76,y77,y78,y79,y80,y81,y82,y83,y84,y85,y86,y87,y88,y89,y90,y91,y92,y93,y94,y95,y96,y97,y98,y99,y100,y101
model1,0.3,162.0,376.0,93.0,9.494087616525018,225.24340196076463,12.981665824364965,204.49730358115107,3.704213366087621,2.8628549155182945,9.849338752929455,-0.630143647592289,2.432760005682116,1.9433782519588603,5.4719825183245465,0.004396278434073489,422.3201226781897,409.35157281534384,85815.7502997254,5189.182928262052,62.937156665156955,5.265080563507834,0.0003577518319286182,0.07451874601356781,-0.02937685641998348,0.02808612473878107,-0.029198475711500232,0.028812220956338622,-0.06440492610228872,0.07259352025080779,3.2016690558484577,3.167748068434893,3.1227471766222723,3.1888909385817032,31.862963154014018,31.86504883321735,31.865229421160148,31.863324831275786,9.585765429052442,9.583240395963148,9.584744260176247,9.585054758044024,7.46080275988198,7.458143964336749,7.461125165221729,7.4611962679127855,6.817314651885985,6.815337309222639,6.817513367194142,6.8172461508690985,4.609262950566731,0.0009043963772321198,4.60767543855435,0.0006351096737216804,4.609039071364735,0.0010228054798911662,4.608940300545681,0.0009081425923072108,4.608953847550759,0.0009598014324015379,4.607377496711201,0.000769593102451364,4.609542398294062,0.0009421218272565754,4.608842616958347,0.0008579151115128531,4.402763288329534,0.003615601763696954,4.40933865053177,0.003095149713041581,4.40371614054678,0.0037428001403808594,4.405278459862519,0.003807640653964993,4.364810390238259,0.0005000000347614258,4.364823031804452,0.0007157954107636094,4.366924131496648,0.0008137349744621424,4.366562953719319,0.0006271590337696558,4.404873443531379,0.0037261561393737794,4.410331828377516,0.003528609349575811,4.407633132210706,0.004446104729551387,4.405507904519918,0.003714323015743872,4.370699612395157,0.0008048457044163227,4.370242264549207,0.000834768643493726,4.370604639334963,0.000600000036773678,4.369437595677712,0.000659346281128841,0.008168850060890648,0.005791836385080787,0.00781950675272621,0.007352448392603568,0.0025542828756957413,0.002093010995971996,0.0021421411466214214,0.0019000000317096735
model2,0.54,153.0,382.0,86.0,8.675312425412564,192.006895167646,10.57483794160433,199.93067331577507,3.6866425209842726,2.870092509219954,10.007634079902976,-0.25301970337017743,2.546031105074336,1.74851177017574,5.540849330648541,0.006439561053190852,417.42890902237576,408.36916044322766,41520.72638674605,3249.4405196663515,56.316350467602724,4.822422873513622,0.00038474090284260006,0.09584399804215954,-0.035804975606075075,0.0349756370350975,-0.03675560101445837,0.036272493472489106,-0.07633425018063929,0.09398553522939139,3.2355878847110198,3.2239049465211305,3.2436089216230664,3.2344710212674475,31.828852353187624,31.831246242896178,31.83865782037616,31.82970406604908,9.574133743166788,9.572999481118297,9.573778043320278,9.574068711307751,7.454364850096619,7.451114692886431,7.454596746184345,7.454553162801653,6.813085553743578,6.810712911628091,6.812656277680614,6.812632737666817,4.610300323440998,0.0009527768308077687,4.607203672339275,0.0007451164835453378,4.609788667927927,0.00103596702524041,4.60921883751103,0.0009639253012573426,4.610027848656425,0.000851041040682678,4.60807732510407,0.000860073603349008,4.6094954832982005,0.0008871301099815189,4.609211601906045,0.000909739377779923,4.399673950599404,0.003640484455491828,4.403791850553469,0.003059788669734008,4.399478922049839,0.003449674034118652,4.40072828124643,0.003521549480430285,4.369419257331595,0.0007826351838120341,4.370989686700617,0.0010484560030369508,4.373169172541372,0.0010786905611653121,4.372706043926122,0.0008595373551706819,4.406965191168806,0.003945205116271972,4.410502389284636,0.003651131632087938,4.408594965403238,0.004541863809528204,4.407272362915333,0.003893486281742105,4.371270311066042,0.0010716851674891857,4.371401369149822,0.0010981638818864778,4.371409910469548,0.000916683488971339,4.370360531846595,0.0009305779103342213,0.008625258177633531,0.006859312354091653,0.0085613912714586,0.008312512505340881,0.002701481195700762,0.002385852821305115,0.002796928398990957,0.002379782202608658
model3,0.6,134.0,378.0,81.0,7.470232874372182,215.73920566262237,10.306021418399935,218.29178201884343,3.683530885018328,2.8845919266329427,9.691055830740597,-0.43613621617478565,2.3216673181184015,1.545331845028887,5.503725097018475,0.007881338968005892,415.7542317104371,406.81029008920365,45312.55154368725,3411.1588872182756,46.90095515080753,4.078590736609922,0.000606913984031682,0.10208957547203595,-0.036424713942441136,0.0363420648147486,-0.038108390483084405,0.0374690132391435,-0.07694602652430567,0.1000040897129094,2.949359039792627,2.944650029182061,3.007697268656498,2.953381776299934,31.822346387607258,31.823437451127685,31.833204447809127,31.822506443314364,9.57194131466419,9.57094871118125,9.571924949248364,9.571957818644671,7.452632548830245,7.448937493285924,7.452499829822081,7.452320999034107,6.812838049619455,6.81134251641415,6.812214657684775,6.812306643655395,4.613013604027791,0.0010576908846634738,4.610854613352111,0.000875892048029258,4.612848673224838,0.0010989249765730297,4.611934355196427,0.0010388054289660906,4.613097017601061,0.0008733332117128149,4.612121094400335,0.0008572121037372831,4.611480935837324,0.0009329550782464743,4.611611492970693,0.0010390203113478658,4.3953120707380275,0.003390885180565519,4.398143488315541,0.0026802421012977035,4.394709532937195,0.00319824013710022,4.396081456555848,0.0033151231235639955,4.377219301065498,0.001342069290638534,4.379981179680216,0.0015294582740346258,4.378507057178148,0.001375638464895577,4.378502907035196,0.0010717338659502465,4.407915736168768,0.0038673441410064695,4.411095323512996,0.0037030122677069546,4.4087135423232935,0.004479185283349588,4.407717360795065,0.0038928021040002146,4.375361021904225,0.0013529265376424021,4.376755488014825,0.0013720165170418004,4.3770715514188385,0.0013306584489255666,4.374809421151662,0.0012900568851696313,0.008743473594428865,0.007323988229050401,0.00878103583726164,0.008597316218701644,0.003285984091823779,0.003303216743647908,0.003912428164519826,0.0036148360149258433
model4,0.46,159.0,388.0,87.0,9.153164681711782,177.75712991080096,10.303689733087463,188.51616822260877,3.6857419911111795,2.8577314627169725,10.401812151088022,-0.10449502920373736,2.7758378138810245,1.950165232367251,5.583837139682488,0.006038441240908728,423.75814485635254,413.779922183149,46002.06207880804,3913.429230728927,61.271277663570615,5.263249090143565,0.0002393827217741068,0.09477716439571586,-0.036507348165407044,0.035087403825503204,-0.03585094077906911,0.035351061627324,-0.07953924775071507,0.09337902476101571,3.3090522076514706,3.2812790725393257,3.3292217842096807,3.307561260000384,31.827733701369194,31.830756196267565,31.831504207854053,31.828715242495942,9.574401624886203,9.573177998449811,9.573735574209339,9.574075877147221,7.454232369455144,7.451329959392305,7.454706658646831,7.454702160359673,6.813573739958754,6.810823622897212,6.813537113753873,6.813367519356377,4.609543130208058,0.0009490079694219627,4.606142417313981,0.0007364998696243349,4.609390007212355,0.0010325790377921612,4.607979939273415,0.0009787486494921814,4.609356629358672,0.0008771382984262021,4.606927650286255,0.0007556907669408711,4.609826592752375,0.0008729561675620882,4.609239157504291,0.0008993425376880333,4.400637013521204,0.0038346102663679013,4.406202618673111,0.003274024778570076,4.401421884654186,0.0036278337478637696,4.402547016206369,0.0036609122158558238,4.364821587287791,0.0005000000347614258,4.36499905818056,0.0007568229636546782,4.368926169466132,0.0008586218238885104,4.36849774375812,0.0007095860321961322,4.405902877073122,0.003985117340087891,4.4097479261925105,0.0036453933271631683,4.408121810575045,0.004594031505875106,4.406841507551245,0.0038981052056961574,4.369255419851363,0.000994075608681045,4.368871044561704,0.0009862719493494625,4.369626768496916,0.0007845402905112021,4.368332040881588,0.0008446392215554311,0.00878577193653972,0.006791169944157718,0.008672727554111491,0.008287099784278636,0.002647777636242236,0.0019450592106101663,0.0024592833788293967,0.002009749141185218
model5,0.51,144.0,389.0,88.0,8.363699893223256,175.17441268889942,10.04025705331702,180.16468268198722,3.6841348354654073,2.8654233730219167,10.581317780322916,-0.17305956973612896,2.6580339537513042,1.9012188613453995,5.552206477824773,0.007640486707462675,425.0986096791416,416.74551120141314,47690.93692994367,3871.321799809891,54.95924230020032,4.516215519917668,0.0004535577392910048,0.09770684092296579,-0.03688746303997153,0.036177366394175695,-0.03732346808198693,0.03692567925863022,-0.07811148792391867,0.09639833690917952,3.121407419225061,3.1126007223132337,3.1293870650058238,3.126567782670193,31.825395334783057,31.82806421461205,31.83438145873607,31.826047350751928,9.573327113140117,9.572243559300139,9.572862052654449,9.572599658724164,7.453648763400202,7.4505521914745225,7.453672581855723,7.453869618830876,6.814748625634692,6.812143338798907,6.81466582060613,6.814697055026269,4.6123017824951145,0.0010457583444322717,4.609384212429967,0.0008598129925513981,4.612365822814015,0.0011378889243508217,4.611182089431712,0.0010920741628577676,4.6124147213297295,0.0009062407186014346,4.610183020848039,0.0008885394984564515,4.612084833981497,0.0009384427596864795,4.61205653570403,0.0010208844027612737,4.399587358719976,0.003853956676167826,4.404613388344636,0.0032312241926738664,4.399860430570312,0.0035817893981933595,4.401326274648084,0.0036225767481900943,4.369767955534127,0.0008577047628399403,4.3714801196089175,0.0011146228287547534,4.373981488884408,0.001184445237228201,4.374124676437549,0.001020031716685446,4.407184568068117,0.004008532428741455,4.4109821192271035,0.0037315777642945042,4.409050947081515,0.004671412190464215,4.4085302669018676,0.004040000311239182,4.371863483082355,0.0011509967488913695,4.372042100609746,0.001128903499984674,4.373414511182979,0.0010730812455334478,4.371345222761683,0.0010672870748351599,0.008992421032498452,0.007128495973373659,0.009139738014191415,0.008760086118467526,0.0027692740737532383,0.002244781355229762,0.003038441718288447,0.002572062360777844
model6,0.34,140.0,394.0,95.0,8.054459059066053,177.89163434708917,11.855611874602278,188.50821773169025,3.6994383647843665,2.866743120230359,10.25730242420191,-0.5419771286140791,2.379214382289923,1.9066476781312118,5.48106581737563,0.004725551449458742,426.6269381746026,419.0718808469198,56444.32813706252,4828.084299122064,52.21489191126095,4.388534178951797,0.00011744514135933966,0.08141543385556649,-0.03175480171689639,0.030921893635165534,-0.03144880398260807,0.03120233089740197,-0.06935301796490248,0.07997081435813991,2.9645275216846376,2.9696889793793257,2.967473565301622,2.9701490121513223,31.853890365831177,31.855732628396204,31.855201303343662,31.853665964424188,9.583081073204198,9.580947793135007,9.581655388292814,9.581731985178097,7.45929796105506,7.456612050183921,7.459777165127012,7.459648555200129,6.819744692005108,6.817202703408709,6.820069570648765,6.819814187894044,4.615202386815399,0.0012349836531787696,4.612231803034417,0.0009139345676484587,4.61518941382138,0.0012566213351831318,4.6140987779146245,0.0011527837622434243,4.614773519637161,0.0009821422408307172,4.6123660846471255,0.0009489927308697369,4.615935449878948,0.0010797630439419788,4.615494757888479,0.0010299443104260517,4.401957278422566,0.003797850264441983,4.408887292324417,0.0032338419395370513,4.403428905623939,0.0037485754013061525,4.405133862685797,0.0038753056265934754,4.370249838150796,0.0005872468617929756,4.370674238035263,0.0009315821219429992,4.373370676674523,0.0009889070722494326,4.373591596258262,0.0008853791493606837,4.407554222287391,0.003997280931472778,4.412242663134281,0.0037833045722763287,4.410750283697089,0.004755404200750388,4.409550924333577,0.004002509420190878,4.375094516602334,0.001093707498787796,4.374901261106558,0.0010467876153447751,4.37641183699672,0.0008948534568471966,4.374327873107554,0.0009799970326292303,0.00921005618715432,0.00698528867048409,0.008872770553657077,0.008654117998166486,0.0028137942893031115,0.0019231326311954931,0.0024808525415682377,0.0021482017636119282
model7,0.35,165.0,386.0,92.0,9.722124368985881,193.48801299706008,12.048394636186636,192.82691591676058,3.6991122164074945,2.8529690853001135,10.128742619074812,-0.4141909339548981,2.652244170192008,2.072255532786597,5.520189804243403,0.0047435276929598995,425.108174515655,413.9629078035293,65569.23679755825,4643.5682194218,65.23081555030755,5.557463216133251,0.0003003130446362163,0.0796644180566298,-0.031362387135175335,0.030108445391698532,-0.0310121838170186,0.030537632235260338,-0.0704096592746258,0.07795749502948783,3.3273805060674007,3.2945522136294194,3.3209474004650787,3.3171598630288903,31.853518951133132,31.855878945686747,31.851706259539935,31.85398197567213,9.582657020948874,9.580609664159113,9.581677861492738,9.58205648247512,7.45892634690019,7.456158905604953,7.459328504415406,7.459301331806608,6.816028664528634,6.813864382810885,6.8161855315765045,6.815977173545609,4.608728832893134,0.0008843294121158914,4.606634613200004,0.0006240419679155838,4.608651358759305,0.0009922091655243785,4.6074445934209685,0.0008932042369032585,4.608555079345098,0.0009423471030527532,4.606690057486353,0.0007097465409767354,4.609122961034667,0.0009045366810999325,4.608359137365353,0.0008622413813355877,4.401645598794607,0.003626302192052204,4.4076399770807235,0.0030875944301417104,4.402583988443294,0.0036661699295043944,4.404013981225752,0.003707723820601798,4.365205404793529,0.0005000000347614258,4.365228766180496,0.0007311313837451586,4.367829667870576,0.0008281293311239346,4.367535650321868,0.0006143505346338197,4.404927019082809,0.00376313362121582,4.409859794005018,0.003539974522603243,4.407595853085352,0.0044844757815717794,4.405704991529685,0.0037347221769131645,4.370421251641546,0.0008494250788047619,4.369998028789833,0.0008874194019131056,4.370112308884834,0.0006254329785877828,4.369330688373804,0.0007297537984417994,0.008178092230924392,0.0059629806216900255,0.007900006535606604,0.007438376518890799,0.002509518102297311,0.0020461708814270255,0.002186152513257385,0.0019000000317096735
model8,0.65,154.0,390.0,82.0,9.11945496043764,160.8319539530504,9.294998895749245,159.92375810999343,3.6778716317927116,2.858444549783673,10.559918023168503,0.060596470171859616,2.842128600081182,1.922973305055421,5.530486852218396,0.008562630075322602,420.2207589550054,414.4551366480783,37258.003683398776,2394.0652458941754,59.90243947239251,5.004627444755597,0.0008669021569068546,0.10515983461649331,-0.03807461549376231,0.037861228017159645,-0.040106745437731815,0.039865411792338025,-0.08593462279414826,0.1032064074479031,3.4809466937219997,3.478881012810901,3.4263589424450296,3.4916693927064806,31.813757376223805,31.81575518514574,31.816017654735465,31.81469985157025,9.56859688933391,9.56801556235234,9.568814584663661,9.568640928222313,7.4510237174965654,7.447444404368602,7.45062891991955,7.4507020746984525,6.809858469007255,6.808028853282965,6.809245871227381,6.80921884563961,4.607810603759152,0.0008611470432714122,4.605883017634665,0.000692205174740882,4.607233622556508,0.0009880978399843126,4.607169019794782,0.0009050886438376171,4.607824417034272,0.0008092532447592001,4.606414389441753,0.0007729736988827546,4.606082023630892,0.0008427182190913182,4.606468809753596,0.0009077665232812619,4.398065838278907,0.0034411248502288837,4.40124157327934,0.003010312404653539,4.397149123203604,0.003328242301940918,4.398131480546152,0.0033778314639449814,4.3707681497131174,0.0010522062058184853,4.373975003205736,0.0012300438644782285,4.3744207426056345,0.0012789004101656442,4.373891869070934,0.0010097761304607952,4.406559184222546,0.0038824427604675295,4.40963226917421,0.003700691167925309,4.407219722906259,0.0044587880421658715,4.405939172247983,0.003874639368270738,4.371148111465744,0.0011224562740181738,4.37150220372195,0.0012126668510859216,4.370117705949475,0.0010291233011415232,4.3698855436884765,0.001011526415171405,0.008299977976172006,0.006871806917385442,0.008538033879317087,0.00825425716524981,0.002641341896483871,0.0025000613137498564,0.00313862846025202,0.0027237521550895426
model9,0.75,143.0,378.0,100.0,8.56441329515933,217.33465635092548,12.78703767685513,212.98548916910883,3.7049904940762084,2.886648563421631,9.405890067420005,-0.8734399600422673,2.008845474813078,1.5567492877540257,5.494532257878481,0.004785293062762758,407.52000968698917,400.95999221660526,32582.00014401762,2240.48897069212,51.1383076457885,4.6688993264607115,0.00011918669956641315,0.0808621628998695,-0.028744617479011764,0.029604382397633966,-0.03173343799607787,0.03193042282699497,-0.06501845035230983,0.07855404513302405,3.3558102510809324,3.3483007231499387,3.250257238400098,3.360307342402372,31.861304562226753,31.860471602002814,31.860719131168967,31.86104578578854,9.583836636279312,9.582425456420273,9.583851384232537,9.583850609360113,7.4601570935379105,7.45614299684886,7.459567091030411,7.45963200189445,6.814600083303603,6.813036021492115,6.813870117863624,6.813792720596597,4.6101360110883265,0.0009330091108179409,4.608741360539478,0.0007107193182574949,4.609299921379491,0.0010007446873301238,4.609946153508059,0.0008999960822818272,4.609643163598211,0.0008694400591206468,4.608908410661357,0.0008015359150902762,4.608522898628444,0.0009433884559923015,4.608022131545854,0.0009235369316998394,4.396937321708808,0.0029041528347271382,4.398464813971151,0.002362665975864466,4.3950682755521555,0.0030103740692138674,4.39652716116462,0.0031416764000562866,4.381279138292749,0.001122724157003322,4.386216803621341,0.0014241129030774025,4.383504267562125,0.0014464155252249121,4.38278378254583,0.0010908835492199269,4.407347227293299,0.003614993143081665,4.411187354675876,0.0036033675308516787,4.408496467635631,0.00430468472638032,4.406714392433314,0.003626804322939372,4.378705333019787,0.0010458885925052146,4.380394635089115,0.0012999356348784945,4.3796282017466055,0.0010396690307024872,4.37853443299662,0.00107424213170834,0.007216446259537116,0.0060917135335257855,0.007400731817966232,0.007262003113300591,0.003015505799488618,0.003635392066184079,0.004130852199971632,0.0038434293818229203
model10,0.7,141.0,386.0,89.0,8.267068499692616,187.16400740008976,10.414515861692706,183.41475206480138,3.6868995984535884,2.874490530513748,9.91076586827259,-0.33396304493455664,2.4316911503247516,1.6896259363839077,5.525288067015885,0.006909187427348621,416.207128281765,409.92789278498117,37236.93204339233,2411.9133460797198,52.12183835459423,4.503247684386315,0.0004434322518661841,0.09865558878490426,-0.03498135218856023,0.03564796045903964,-0.037776602355700226,0.037842902449467905,-0.07692977859479953,0.0966476200207846,3.290793050295683,3.2914965037570423,3.2418963486896875,3.2948744101066687,31.828626118020612,31.829302071875095,31.83433866470041,31.829039696141113,9.573162051668323,9.572173479899213,9.57351516665032,9.573415272817364,7.454074721452847,7.450134074622437,7.453661451342835,7.453631951396896,6.812096909024446,6.810527180327485,6.811321628207573,6.811411524126624,4.610637226067204,0.0009721038280829029,4.608796221222813,0.0007960031001516736,4.609851398005471,0.0010296281252222443,4.609918202981431,0.0009467059653655832,4.610338339410177,0.000856479443973592,4.609474750893469,0.0008193012869975258,4.608641739605678,0.0009178948891027629,4.608717002333375,0.0009708790172660555,4.39711479808739,0.0032409655950218588,4.399350344976678,0.0026972610232467646,4.395793159384341,0.003215011405944824,4.397200835903619,0.003351268925464227,4.378191675177316,0.0013288826939412217,4.382943912151213,0.001549466910044053,4.380786408110106,0.00155069251866124,4.380198112044097,0.001215414479826796,4.408399485294592,0.003854067611694336,4.411417066463134,0.003764462784803411,4.408950085672195,0.004482767857554844,4.407700883604566,0.0038805885603479984,4.375697875861476,0.001246242583421526,4.3770598004726935,0.0013769740440850596,4.376454677759141,0.0012015854138924156,4.375032869270502,0.001195733596723232,0.00827830693372635,0.007043839501566193,0.008512874471810514,0.008218882558730501,0.0030333261988356344,0.0032838829097198512,0.003953667402556869,0.0036571976352460962
model11,0.61,129.0,380.0,85.0,7.2761606799243514,214.27229865303207,10.81589294593778,217.01608122123733,3.688060015546319,2.8895355271085252,9.69595991826124,-0.5948791211329174,2.191814324325923,1.5248003977908637,5.490183788975598,0.007506493482541731,416.44719587763217,407.5415400226648,45098.27255064093,3446.983595691305,45.14300987754172,3.9807382371336417,0.0004948109756895042,0.09813789058657613,-0.0349529070230789,0.034954385309125334,-0.03613551630846483,0.03526517083021441,-0.07421859952806163,0.09622731841191169,2.8928308117479693,2.884025343637119,2.9633354156573346,2.8983838843341307,31.830359276343867,31.830922308629425,31.839163158455467,31.829699970179796,9.57485646392733,9.573743219754869,9.574425762154327,9.57457292819845,7.454010599042687,7.450368680897585,7.453914977207756,7.453580078436799,6.814141197160828,6.812771525598021,6.813477338997251,6.813585858640415,4.613780811017441,0.0010699011587042518,4.6121047987186,0.0008848798796597959,4.613931947316408,0.0011348031324368282,4.612912571855823,0.0010725411831308705,4.614172692383604,0.0008816888903706235,4.61339597392602,0.0008569451643519492,4.612450811088751,0.0009901125753894943,4.612719673591855,0.0010419891596430957,4.393668620163001,0.003179250422053904,4.396362527994606,0.002437525608732973,4.393895492060697,0.0030347245216369627,4.3948302993916215,0.003176118910033016,4.378181109345403,0.0011953562251530477,4.380625621380302,0.0014434660071875856,4.378420880348357,0.0012300159695037927,4.3780959180982215,0.0009743870140980945,4.4079465206182435,0.003843331813812256,4.41154387956285,0.00369171156305072,4.408933803581944,0.004452439787622118,4.407572542039969,0.0038385637713548083,4.3782474281864365,0.0014364792816866584,4.379519804358556,0.0014387477331942958,4.378895247946288,0.0013383126382415637,4.376987963261481,0.0013119842462440585,0.008608109124513463,0.007185502567413174,0.008393443532418454,0.008423862615252383,0.003686415573064463,0.0036345551275440324,0.004107077432904525,0.0038707209798409256
model12,0.48,135.0,375.0,99.0,7.788253823230581,226.33666174337193,13.352111467452152,225.83099281973628,3.707910296541715,2.894264042125986,9.563993558784238,-1.0288714541921928,1.885148374105791,1.5570025602605955,5.492221709978809,0.005399009166124388,414.5244528120587,404.16358463870586,56162.72922201244,3979.1192455219193,47.79897280434158,4.1723552609914885,0.00019701459546429243,0.0742970877353149,-0.029110933249902854,0.028811122557127113,-0.03065419283066917,0.030303700869578853,-0.06328424150372815,0.07303416566310887,2.8160775778267113,2.8085496176337004,2.893286424470906,2.8204411785661403,31.86851750175179,31.86998453037829,31.865855793596932,31.868462949961106,9.586651125381614,9.584857621944597,9.585960984721613,9.585651490423942,7.462223139365138,7.459246878299961,7.462243556387206,7.4625653103410325,6.820420722996389,6.817546571330374,6.820369373104273,6.820436490334154,4.615607699076552,0.0010696172021696095,4.6123726488611165,0.0008451680605195954,4.615388318341442,0.001195312870788556,4.6132829169743905,0.0011295503173267558,4.615108050304654,0.0009867556411810713,4.613262553100014,0.0009110391776022841,4.615315794227165,0.0010390676076421554,4.614766425773721,0.0010576424747155715,4.401253541294569,0.003814130122594008,4.406255564847357,0.0029477982539848806,4.4010085498488145,0.0035004043579101563,4.403251623540983,0.0035590166277369227,4.377417207995082,0.0009986837487391815,4.379738448377483,0.0012972997207268456,4.3809212076864785,0.0013414205580619492,4.381289620661386,0.0010952777582293634,4.40906833815401,0.003869411325454712,4.414360359454758,0.0036707807047120207,4.4117339347081606,0.004696633118047917,4.411076591490084,0.003994239688615524,4.376846045172194,0.0010259825241710212,4.377396324569821,0.0010632882973863416,4.378390717554244,0.0010071073025438426,4.376977180905412,0.0010585903226854928,0.008661178471786728,0.006491878590125818,0.00858255449138252,0.008326599980030975,0.0028986551415363716,0.002650355975960839,0.003281801941159756,0.0028685280932018733
model13,0.33,152.0,391.0,93.0,8.73662122220767,183.6755392431242,12.041800294557195,191.37801815241517,3.7002266456216173,2.861761290227542,10.161155193692254,-0.5048985911371444,2.47396396868741,1.969525684029252,5.506649404956846,0.004723106562539976,425.5333239706642,416.49555357257896,62649.92189787914,4857.318545145626,57.546870531200256,4.9347665363200495,0.0001854472717703577,0.07961177349686167,-0.031356034311396504,0.03039860242127638,-0.0307880848077771,0.030590910901067542,-0.07077363721426018,0.07826238614883944,3.1013333869020827,3.087445383290622,3.1372580351897685,3.1015790585621503,31.855419633378045,31.857572332168047,31.85224503380679,31.855589351928806,9.583332764786967,9.58120604612664,9.5822220339766,9.582469305043105,7.4595973458816065,7.456977247121749,7.460100446917967,7.459936440263639,6.818512687157932,6.816006244084053,6.8188453750143765,6.818563368881122,4.612702190159458,0.0011011792570974244,4.609805728103162,0.0007965162961181313,4.612596935786896,0.0011505962286848766,4.611343048316553,0.0010536016868882255,4.61219756507195,0.0009730142348468142,4.609978177028795,0.0008592651259966202,4.613415212668095,0.0010111430648703274,4.612728690168555,0.0009699918615707755,4.402360612802255,0.003784804905943391,4.409469474206097,0.003231910027629672,4.403737171345255,0.0037505762100219727,4.405260924366231,0.0038498090872520797,4.368334973521619,0.0005000000347614258,4.368252007087958,0.0008075386155109297,4.371004893994591,0.0008820309377479477,4.370926955375718,0.0007346032081170583,4.406842633738809,0.003914773416519165,4.4116941438652155,0.0037139692682066857,4.409815005262799,0.0046621966534685115,4.408188963434933,0.003891753199547715,4.37337965708562,0.0009842893542745662,4.372998094465955,0.000980495007432148,4.373178411550749,0.0007752363639982188,4.372401504087156,0.0008796004455773218,0.008931557949623609,0.006614508701964801,0.008520734810762277,0.00822698862372485,0.002749273569038291,0.0019078274604049997,0.002319677906485499,0.0019996790772431623
model14,0.71,139.0,379.0,85.0,8.054230244565757,209.72050687609618,10.702199378458122,209.5473296815625,3.6872947374594363,2.881687823881261,9.564708776065633,-0.4583304728344395,2.3132599316481937,1.556088978713916,5.506335534504254,0.0068843639072429215,411.5948388375116,404.433565858624,38251.166702714014,2588.0757694993,49.75397477042629,4.387399325704189,0.0004458261828705066,0.09925260905764702,-0.03464804131747501,0.03508094530466812,-0.03681228404489807,0.036585522511534796,-0.07637533053973111,0.09681945243136052,3.225419477176793,3.2174773154272143,3.1834656680501747,3.2261341409845836,31.828665338720363,31.828900330742144,31.83410356884977,31.828628594594612,9.573767141158953,9.57302103991078,9.574034875336993,9.574142052584712,7.453786245574327,7.449518447893601,7.453324109463192,7.45314307401599,6.811574942962453,6.810121046567814,6.81083304417841,6.810833429150107,4.610652248669223,0.0009797291696844737,4.608750110569485,0.000787154850671455,4.610147856665856,0.0010156933526959424,4.610022248428509,0.0009396221913202479,4.610576417576642,0.000842553829450927,4.60947212398584,0.0007982202132119239,4.608942978010662,0.0008843714575045775,4.608864851016799,0.0009498848419217011,4.394757139829726,0.003032659106189693,4.3959253239655425,0.002496153852063693,4.393286032268161,0.00303931884765625,4.394438369147667,0.0031873478872961715,4.377703183551246,0.0011843620659171667,4.38163863532407,0.0014282452753191749,4.379591374843283,0.0014076408670288146,4.3788605758578605,0.0010832442967331991,4.407192430697259,0.0037186283111572266,4.409583467826816,0.003642384151496626,4.407546432802655,0.004305111868317151,4.406055603441073,0.003724241876387848,4.37630914261744,0.0012655026685208018,4.377962611383075,0.001400549481729571,4.377252528330316,0.0012716707418259773,4.375873759770194,0.0012472550491912959,0.007962767924250732,0.006951768689238361,0.00813903369211577,0.00795131757598279,0.0032326053746871506,0.003634392812171417,0.004172001458836373,0.0038730875228376407
model15,0.52,151.0,381.0,84.0,8.542895672164489,197.1740271230773,10.404831650310658,203.30220035511527,3.6850924355772614,2.8706343429081795,10.023494160948824,-0.2325517710115329,2.5598871275910744,1.7451262112275114,5.552183898725399,0.006777889661287761,418.14873185842293,408.63887682878885,45099.47872474587,3518.994756501349,55.61228390163447,4.708193749111945,0.00040266813115285834,0.09741912951269709,-0.03633738350243924,0.03562083589938798,-0.037012853183196706,0.03662433565699879,-0.07691388632623863,0.09575280695330168,3.181314254760981,3.16788904533694,3.1916365357984904,3.1805536710772753,31.826178286093114,31.828631245839077,31.83708709075392,31.827054639493532,9.573316721592295,9.572168657208538,9.573090927509536,9.573302311328016,7.453893311288876,7.450686839497106,7.454099958066823,7.454098390643746,6.813200348986712,6.810787028838243,6.812813203923622,6.812817789827149,4.61081897742341,0.0009740176021431452,4.607677486787538,0.0007821154808575509,4.610320643138834,0.0010519420825391439,4.609709039215997,0.0009938846837125967,4.6105471689833335,0.0008598189736225537,4.6086511620805215,0.0008707626824581035,4.610049213609124,0.0008900041868742026,4.609778013834321,0.0009382872064362942,4.399644032758659,0.00372621653299754,4.404197106049966,0.003123083557883731,4.399494986262937,0.0034898323059082033,4.400771619114659,0.003564309430139916,4.369381856346572,0.0008111791692431893,4.370713198687756,0.001071824535073002,4.372928128570303,0.0010760185444794413,4.372605515631487,0.0008720900922877576,4.4070975324084385,0.003970172309875488,4.410661809297537,0.0036745952104977617,4.408639393391385,0.004560735946126159,4.407460698956403,0.003925287082053381,4.371097790651053,0.00110578114109802,4.3712945365530835,0.0011222054874691586,4.371572174182303,0.00098264374673584,4.370273864847291,0.0009748931528360422,0.008778486998050974,0.006980114510796233,0.008742098404380668,0.008448610196146412,0.002759328437129772,0.002407274260283681,0.00289821150879722,0.0024806093677985663
model16,0.44,146.0,379.0,92.0,8.308440738403418,207.14065517841118,11.966750987164044,207.02468656118816,3.6970073374779324,2.880809821360273,9.902904868520872,-0.5909846126943717,2.262848143643253,1.682117691395598,5.523147176931011,0.0056918237226489385,418.24490221307576,407.35961000965074,58909.57494320128,4138.9779356642675,53.43478563387539,4.470001044001715,0.00025136149630581304,0.0841470700828166,-0.0329049281330512,0.031762088258737206,-0.03331511518980698,0.03283554695993051,-0.06800548855970669,0.08282661857540351,2.989080189536824,2.972225103329123,3.014912663071216,2.9888706714050195,31.848333675651688,31.85106829030629,31.857932552515344,31.84895669249681,9.580567318650095,9.579075997398787,9.579877689871262,9.579930336285083,7.458478804570208,7.455642250670146,7.45884485972216,7.4590000181943905,6.817553264708904,6.814442426823518,6.817523250049667,6.817464050595899,4.613238970595409,0.0010187093745030976,4.609394396777533,0.0008034284199375771,4.6129194849563575,0.0011403913894767388,4.612271756554191,0.0010818686251541062,4.612746890274244,0.0009310080325637267,4.6103039506515575,0.0009500909761850142,4.61322938309112,0.0009642811395091808,4.612713586007825,0.0009692247496520537,4.402019610528724,0.0039369944509091105,4.407664211746372,0.00321906013511061,4.402397148236077,0.0036301843643188475,4.40408256108383,0.0036852734656667675,4.369775123162181,0.0006648563517249784,4.370788755022813,0.0009556649262571546,4.374142074304015,0.0010668706021899103,4.3739212522853075,0.0009021055374587477,4.407949166445021,0.003983812189102173,4.412554363007625,0.0036732268788558344,4.4104798999299115,0.004682258940271872,4.409470410827294,0.00400260168816297,4.372641647652283,0.0010050637609764408,4.372488669617426,0.000985965721538756,4.3743791382920625,0.000868650542307076,4.372102669820032,0.0009147794649552699,0.008970710400652086,0.00672774893705756,0.008782239970335814,0.008489179115126595,0.002785374306956889,0.002186176022616488,0.0027052789376390317,0.002245001070118032
model17,0.63,137.0,383.0,83.0,7.775613306917154,197.86110663474344,9.95498823261618,197.3402402235717,3.6820467592343706,2.8778240080191684,9.906659633947335,-0.2970645761273612,2.4445135049002236,1.6395519198564494,5.51871747919385,0.007824969454363038,417.77471678073795,410.00202526790196,42777.83522967268,3050.182791783511,49.43689117633758,4.233555769429952,0.0005914747726517816,0.10336121325262707,-0.03683666340944936,0.037058659802802846,-0.03905676856073969,0.03871346029188518,-0.07874358709877555,0.10138452294687547,3.08535378226904,3.086020222055197,3.1058211235921998,3.0899264000227995,31.819871517465074,31.821061849933997,31.829849478959588,31.82029890843377,9.57072839030492,9.569735177097163,9.570903616311737,9.570835889970468,7.452309290960304,7.448586978696281,7.452093011847868,7.4519965118623555,6.812202100461122,6.810692688814708,6.811490619291215,6.811624215243813,4.612094680067731,0.0010283362878088084,4.6100749876185825,0.0008582194386092803,4.611643074305434,0.0010775914202473824,4.611107177078888,0.0010090233703398664,4.61203832883815,0.0008641914519546116,4.611160565881384,0.0008509824352618448,4.61025043658649,0.0009289973291087028,4.610481172169047,0.0010213759623567435,4.396409890727174,0.0034102492571819396,4.399269034780516,0.0027653555103499218,4.395603763105875,0.00326076717376709,4.397024205203631,0.0033830881459376502,4.377158209213658,0.001390477902091198,4.3807981313974205,0.00157933792155366,4.379108029691016,0.0014776919070042733,4.378946437978844,0.0011647127944390617,4.408379927438521,0.003918574523925781,4.411501751361588,0.003765985468603302,4.409026963038454,0.004531265003209657,4.408053234055929,0.003947327325665821,4.374859677336227,0.0013345921901851273,4.376151268795092,0.0013791479745447045,4.376251380848888,0.0012902567080285198,4.374149795718051,0.0012552485977143362,0.008745179359965646,0.0073555968086641355,0.008886165023129472,0.008623469944725829,0.003140316585933536,0.0031835557999601635,0.0038559305664805942,0.003557971391332351
model18,0.53,150.0,380.0,90.0,8.522364679577656,197.79882820353762,11.413721885075724,207.42283976218377,3.6929473598700957,2.8762491711281575,9.862522031805993,-0.4675168936517482,2.3639367280134036,1.6962325766616653,5.516802170389713,0.006047882830281435,415.891672615986,406.72641841605895,42770.65094856471,3298.772987682268,54.52118245395923,4.706996585880558,0.0003502861420099134,0.08933819985519235,-0.03379534261803535,0.03297892760971588,-0.0351051737978673,0.03450665013224474,-0.0717100955228695,0.08743699827482612,3.1441423312325507,3.13648450651217,3.1703701666132487,3.1430631889833296,31.840625565404636,31.842856214537964,31.84889387450472,31.841184602762688,9.577847786915974,9.576585178557405,9.57727505424352,9.577476834389673,7.456658221580181,7.453433864034757,7.456862740612364,7.456885645371051,6.814982050272798,6.812467288905737,6.8146161994780385,6.814626168521257,4.611473976640091,0.0009662254092553811,4.608290726603083,0.0007416865821129293,4.611059403746675,0.001068966795462513,4.610273873394324,0.0009886148877347497,4.61120027257695,0.0008790772825792677,4.609129829057421,0.0008825442848369272,4.610767258269831,0.0009209190505184724,4.610430110063519,0.0009265496788239845,4.400118488187118,0.0036439469250273506,4.404040841627582,0.002994271159912779,4.399816108427175,0.003431598472595215,4.401322396605636,0.0034960007274264402,4.371137451001777,0.0007917361596207047,4.372899291505434,0.0010886711147975736,4.375075757049067,0.001132257414685049,4.374791041809573,0.0009000581806705351,4.407402543406052,0.003907909440994263,4.411325222970624,0.003623841007077562,4.4093648270062324,0.004567558629968418,4.408154774763389,0.003902728206607116,4.372657270494522,0.0010359711244305237,4.3728169644939285,0.001063672979812649,4.373345185525644,0.0009022634578783244,4.371983012450554,0.000932980856511183,0.00853286287022991,0.00668049437756382,0.008440223637433884,0.008236802087652333,0.0026764287683726648,0.002421777557847505,0.002787977801888521,0.0023565504858723057
model19,0.57,155.0,389.0,98.0,8.936044384174412,171.30632292056194,11.551058612907495,176.27591970428264,3.695999986184252,2.8696001748765063,10.024546938734085,-0.42940971865761407,2.429001568596865,1.794685975351959,5.488485393314979,0.005009986812673923,418.7291614771025,410.82171992974116,38965.751518593665,2812.1620651205126,57.73246653238659,5.186357744862762,0.0003024374285521551,0.08566458370691163,-0.032934703686084255,0.031541780254776317,-0.03451593744717825,0.03377325358575768,-0.07417371025303507,0.08362678803054253,3.316397588814534,3.3073052557231017,3.3435879808963564,3.3150052073555987,31.845629289135957,31.848177029110033,31.843868428012907,31.846404112628214,9.579484284549725,9.578318614686623,9.57857166907923,9.578963698232096,7.4575548153473195,7.4544021585139655,7.457983593285032,7.457841114425976,6.8149678943494365,6.812337492160256,6.814637059054567,6.814509552262517,4.61022364080257,0.000921749018284583,4.60682067813965,0.0006681555958179793,4.6097865034405885,0.0010411967245967176,4.6087357296740175,0.0009319160255361801,4.609798937330047,0.0008724205750272278,4.607417330756643,0.0007869974043437634,4.609732180408441,0.0009206010596803699,4.6093666491522205,0.0008563046533207831,4.400644429589391,0.0034951528062935294,4.404305855886006,0.0029349952464842633,4.40087878567605,0.003417420482635498,4.402251053875393,0.003474156372840866,4.370089061122408,0.0006830668729993899,4.37246986204685,0.0009481280260296606,4.374951022395721,0.0011478058856809908,4.374060954957579,0.0008833759417290836,4.406985060362428,0.003884030294418335,4.410919878837058,0.003607972251021655,4.409404175256889,0.004566089959080308,4.407799299086123,0.0038650949439321095,4.372831361272462,0.0009669577238598993,4.372599210963907,0.0009920142907696397,4.372714542078564,0.0006889612001899463,4.371769570112103,0.0008124203414736918,0.008372234497564874,0.006431071365748818,0.008153006517396763,0.007974137000215441,0.0025990595819436186,0.0022386167893968484,0.002479522156948034,0.0020693886219750306
model20,0.72,148.0,391.0,80.0,8.864579163022126,158.83479648201907,8.945622199008117,155.17925338478992,3.67422178766317,2.8618641932509643,10.67356063618502,0.09631326212732035,2.8240888840145573,1.8575248046832276,5.540792917852273,0.009509831120112004,420.06418340510095,414.04477767707476,32600.596119588212,2240.48897069212,57.44968255643122,4.772408864083494,0.0010227201925357891,0.10970736934802192,-0.03845497654742312,0.0391322747403488,-0.04180000060823437,0.04193928911146858,-0.08758562978032629,0.10789966528016669,3.485790149563481,3.5026928482717543,3.4111777967305956,3.498974714741618,31.808139817428017,31.808588248297216,31.810862504220136,31.80830574096949,9.566441650189102,9.565637541823993,9.566938401769592,9.566678502070268,7.449582229864962,7.445746810242959,7.449069799245099,7.448925794240142,6.808813302624885,6.807357748030099,6.807964509809676,6.8079290065849,4.608041212255985,0.0008572540671307603,4.606633297600518,0.0007207714324917819,4.607307336293259,0.0009695757034852257,4.60751415679539,0.0008977069806606738,4.607917673343188,0.0008128185419427491,4.607159918526793,0.0007701813257535888,4.605727217596335,0.0008662117070557096,4.60586858888137,0.0009696236240079268,4.396789346216065,0.0032697545784922994,4.399306205734246,0.00291341126392283,4.395234844173604,0.0032511038780212403,4.396414685535786,0.003321599405846859,4.374692344890269,0.0014005689079847582,4.379692285240156,0.0015690646316223664,4.377840139069456,0.0015246139362145583,4.3774353209025225,0.001163887103286472,4.406986803635749,0.003884403610229492,4.410260190366575,0.003757782774358833,4.407119931197705,0.00442856425655656,4.406144012933133,0.003874636471485568,4.371933102721098,0.0012008272046958699,4.373111895833881,0.0012681949090631386,4.371936493025508,0.0011866851124605602,4.3711113767301795,0.0011420459983738588,0.008307335739607737,0.007069152877401558,0.008706950736269632,0.00834133892158344,0.002760070175183587,0.0029293652951638714,0.003614889232526103,0.003238210835749499
model21,0.58,130.0,394.0,96.0,7.792410234098474,173.1905530411854,11.203827075686567,171.70379868568682,3.6945777453958786,2.8784568787718885,10.264602201423255,-0.5460136362361613,2.2701835169110622,1.7317247872088797,5.490235238564263,0.005977396798349126,422.5164702784672,415.9072806212977,37678.4777703393,2903.452721282564,49.19852763764065,4.0453823694107225,0.00026811209919769827,0.08969407116549002,-0.03323418693447687,0.03314694369631471,-0.035865587052076854,0.03541252378765675,-0.07269646795729559,0.08780797351381042,3.0712342123046326,3.0825806540223173,3.011580574330653,3.0824088031260244,31.843098139596307,31.843924192346822,31.845477742245805,31.843019875746116,9.578091015725002,9.576474133208402,9.577392227959615,9.577175154529813,7.456989459447072,7.453760557171607,7.4569701035794145,7.457022383938363,6.816425835704783,6.814632059029921,6.81585378652531,6.815861332976111,4.61382957472781,0.0010753135705261492,4.611983263748961,0.0008767194558257712,4.613481256290682,0.00117302925819483,4.613770343976905,0.0010794568422653559,4.613688042566998,0.0009164985606362568,4.61264256028257,0.0009394813798648755,4.612433815397254,0.0010559938993461883,4.612642951150187,0.0010407543895958355,4.3988284031821285,0.003451123702121369,4.402538169218861,0.0027576165378367227,4.398607663441238,0.0033440196990966796,4.400322539815495,0.0034611834234891145,4.379055421207332,0.0012704002427312263,4.383635767548419,0.0015628618621914517,4.381894459237424,0.0015086564551559498,4.381805637182245,0.0012525555076799645,4.409652706802941,0.004021320486068725,4.414445637738718,0.003852942429463759,4.411531296689166,0.004734163887330661,4.410583353748338,0.004064264695776549,4.3777143635099,0.0012640345345585672,4.378915798094624,0.0013005795259903297,4.3790123302249935,0.0011052151554355317,4.376973915699414,0.0011544991362900413,0.00873769940702155,0.007049736069504635,0.008780637636497921,0.008603464133976634,0.003145172600007412,0.0030051522392577144,0.0037361653496374688,0.0034231698144470074
model22,0.69,133.0,395.0,90.0,7.971965240731881,163.50379637549878,10.121109661358584,162.3088679655961,3.68443968848026,2.8748608362847037,10.513404466211153,-0.2829078031914158,2.4659938685676828,1.7104458990481597,5.497628879996281,0.0071186317744610745,421.95696569268273,415.2237493628783,32582.00014401762,2499.9987823322867,50.36323003310949,4.197949121216027,0.0005080483022188269,0.10082355984624027,-0.03560207524131164,0.0356498525846303,-0.03839236090169087,0.03790760902783146,-0.07983651342450446,0.09858833989406555,3.2454540336917845,3.2631910887442492,3.170636427225458,3.2573692910375867,31.82506904159215,31.824525086665954,31.827965172167268,31.8240919856012,9.572611800811334,9.571278286911003,9.57208313940047,9.572159437791214,7.452860762586389,7.449172834429495,7.452807767761439,7.45239457755189,6.81271261184094,6.81130763637013,6.8119150333505,6.8116606123067935,4.611679810382918,0.0010065868623434292,4.610187440886715,0.0008376959630107562,4.611335179861838,0.0010947427870742505,4.611527096744583,0.0010184204901970972,4.611669147562514,0.0008582836321978163,4.610681908706378,0.0008660323687304768,4.61004174831442,0.0009994482141914912,4.610010290463204,0.0010056760960481742,4.395677534366081,0.003071086923542106,4.398064234363369,0.002617982987009572,4.3949966404975545,0.0031316103458404543,4.396099753279138,0.0032770085804871576,4.37741509225376,0.00119705738925329,4.382487593976207,0.001521672464804473,4.3797208095506255,0.0014029689952526152,4.3790702753610535,0.0011353663726054888,4.408058838622678,0.00396167893409729,4.412232645007883,0.003810759801441567,4.409096503781003,0.004506102118649585,4.4077879798070025,0.0038983794346922796,4.376837934258817,0.001336721059532222,4.3787381798190825,0.001347906783348478,4.377803326233172,0.0012097422372077894,4.376126826049795,0.0012221820889820247,0.0084380445448754,0.007163639108206841,0.00852700257911729,0.008393577345491008,0.0034023590749258153,0.0035106998972882436,0.004106452037125867,0.0037872857360676374
model23,0.42,157.0,390.0,97.0,9.086661302495084,179.56969272569668,11.930311163862232,186.67390701019008,3.6995085889622636,2.860326987784812,10.067823598699452,-0.4740761392262022,2.516170422179821,1.972674776418534,5.492143626839489,0.004846845649769833,424.0398743177073,415.06471695322995,52691.43190639524,4188.331958366381,59.849480267826756,5.260482691923347,0.0003096645210923869,0.0803195818411283,-0.031595444758125084,0.030247862263983547,-0.03154618195973454,0.03100972733167933,-0.07150402496323986,0.07877190796751825,3.2194594866478723,3.20057918931493,3.271388216937347,3.215172363160546,31.85358044112233,31.85619650871591,31.8502797143275,31.85406738805733,9.582677430205809,9.581014083784018,9.581604945408204,9.582001425272164,7.458962582209241,7.4562015444959115,7.459524465774615,7.459302457915742,6.817129451023055,6.814530535521679,6.817265683873377,6.817076672824988,4.611218117386673,0.000986080587142623,4.608015945542489,0.0007061716688575846,4.611102517750899,0.0010742799651592882,4.609432656194803,0.000977916330181737,4.610818976572254,0.0009391716352185763,4.608427860442275,0.0007854705569552272,4.611643924266541,0.0009458857420540452,4.610992246520811,0.000908309074659674,4.401116550919136,0.0036438788624843124,4.4069797827526775,0.0030802077747598706,4.402228899642864,0.003587552642822266,4.403645201457065,0.003648969860488756,4.3679301438006,0.0005000000347614258,4.368204469847631,0.0007841738251565456,4.371398695514135,0.0009186126217999298,4.371046933592882,0.0006940656992785581,4.405887352502805,0.0038192549705505373,4.410427205063061,0.0035849638612741484,4.408791893880981,0.004554213777088313,4.4070892144803295,0.003809705300114016,4.3725759972113085,0.0009493002050419666,4.37214461532018,0.0009550624082203843,4.372357014579074,0.0007069916511574315,4.371614539464069,0.0008324060068809687,0.008504638071313566,0.006263317441127476,0.008119102500240715,0.007838114292054868,0.0026150615330520982,0.0020496114821446456,0.0022434988337596824,0.0019000000317096735
model24,0.62,126.0,385.0,81.0,7.362966086228135,198.97565539345933,10.20788672148628,200.93647153620722,3.6838081740888247,2.8853591841259223,9.990458590479403,-0.4429817442854846,2.31368278213566,1.5852111114849319,5.483205728799851,0.00804992319076823,418.1481843020707,410.4335759608735,41792.769828025186,3137.369623125894,45.91531490647596,3.962719716625748,0.0005514862573312565,0.10298456584217595,-0.03613256536424914,0.03622009577156368,-0.0374478723472581,0.03646176304631732,-0.07942635427905957,0.10080720456719797,2.9878460839025207,2.9838473306978703,2.9872283404271034,2.994132044412145,31.822603757579785,31.82299643734378,31.827267373393063,31.821666246128977,9.572490800904196,9.571529901700348,9.571944677621287,9.572067661252644,7.452327285180463,7.448489757894312,7.452065945365774,7.451702941407885,6.812819385257673,6.81173997821931,6.812017689357581,6.812143529135991,4.612843206906629,0.001055845524816175,4.611852677565723,0.000876633124462494,4.613148807458101,0.001131259362296601,4.612739268031176,0.0010592993846370322,4.613636287473986,0.0008500309503850388,4.612889902983954,0.0008224017863190515,4.6113071064446665,0.000989831211612313,4.6119377934829195,0.0010179004148834988,4.392451370708382,0.002994000487734598,4.394297881910127,0.0023468725195786764,4.392728572756859,0.0029396103858947754,4.3932963693320275,0.0030934139886312573,4.377068700051911,0.0011227156812235594,4.379962817966257,0.001414298270898853,4.377328532760463,0.0011963805848382407,4.376745084661,0.000981981688274804,4.407510601401568,0.00384964804649353,4.410741606087973,0.00369671172419876,4.40817292875289,0.004406260393241747,4.406686988717973,0.003819582318305532,4.378466646863335,0.0014963375516474165,4.379717244809034,0.0014946740992199488,4.3778688906689185,0.00136825648297361,4.376722844681091,0.0013126006655142487,0.008446609296274766,0.007248390232184434,0.008282730934908037,0.008400654604489096,0.0037591932350606724,0.003755829852127308,0.004189096690950602,0.003954609546774639
model25,0.74,161.0,376.0,89.0,9.21738575457093,208.50754137669387,12.183773069017704,211.40047011923866,3.6991361433405463,2.8772615643113872,9.63170344695761,-0.5837826272945272,2.2600064339839463,1.6346550408952187,5.496359627032425,0.004618890360842135,407.95582574924583,400.95999221660526,32582.00014401762,2240.48897069212,57.14424992345796,5.330486789526916,0.00019766446486661364,0.08444520445062423,-0.03107339264693397,0.03058808388073431,-0.03357281728716072,0.03321015144390117,-0.07436793000757966,0.08175937273554812,3.485088227652235,3.4774486685418333,3.5109497473895543,3.4863247283408394,31.850880689422585,31.85156746927993,31.841074012473893,31.851443980226964,9.580823680880213,9.579243296413187,9.580265447062121,9.580758706195413,7.458270037305799,7.454836575776598,7.4582534027448455,7.458240643131425,6.8126849933901354,6.810995761258332,6.811866896087198,6.811700320413668,4.607525994048379,0.0008527264803216914,4.605761310131174,0.0006015747849458418,4.606584461109845,0.0009433384613524159,4.605683012082558,0.0008183235727526747,4.607072107570575,0.0008007818138600428,4.60593415458796,0.0007198417715955988,4.606061829937433,0.0008942110685715916,4.605596779166364,0.0008060886249723587,4.399347620258198,0.003109853581375002,4.401857640172753,0.0026358604483905953,4.398198732841462,0.0031785758018493654,4.399332881483532,0.0032575202780126614,4.372988487191454,0.0007872651857958215,4.376124611277607,0.0010919195382148171,4.376242953540002,0.0010976132243622767,4.3753732117052575,0.0008049055365376128,4.406028355869052,0.003746365308761597,4.4101805302609165,0.0035327016129519553,4.407756686940897,0.004343328907841388,4.4056030916845765,0.003634988384775523,4.373317073020509,0.0008877526395692516,4.3738120205286295,0.0010619493922575992,4.372043962723929,0.0006883046908546445,4.372258418736497,0.0007286813023445854,0.007421179424004679,0.005968591564188137,0.007374735096302676,0.007332468384705726,0.0025251766233761004,0.0027276943991937416,0.0028628632720206497,0.002511084554445042
model26,0.37,160.0,383.0,98.0,9.352050688300794,203.63068001632055,12.700773336838031,195.58883713156166,3.7040543988338883,2.86115290049139,9.905544581637047,-0.6117735977199931,2.447005295255002,1.9778253596280906,5.461344896441974,0.004525432337503468,423.42885966418316,412.57060893484913,67380.89341884562,4653.606143067262,61.63559520756494,5.313677811717386,0.0003823610981382272,0.07501148332303796,-0.029677851182516826,0.028295381427765505,-0.029715235673379675,0.02915544297373762,-0.06575115445718917,0.07323011730666577,3.209507144926592,3.184064526690969,3.202232022485728,3.198993007088323,31.862469696314268,31.86486253337872,31.862909645959867,31.862829970624652,9.585645452528764,9.583571297701681,9.584505076566078,9.584858651299477,7.460523559712576,7.4578242706620514,7.4609755621277545,7.460892030405568,6.817717389338816,6.8154239787889965,6.817876435726091,6.817697331953074,4.610392418138099,0.000928212677252049,4.608020459600837,0.0006554106153898014,4.610268542731937,0.0010446748163820737,4.609316463158824,0.0009365183984634185,4.610094551219259,0.0009555053970404017,4.608064930822016,0.0007754495862686409,4.610730037080328,0.0009429852006942353,4.6100753200013544,0.0008786459981918636,4.4015600784786795,0.0035762192587608277,4.40760312156393,0.0030225019432050812,4.40257757180024,0.0036182502746582032,4.404122951986938,0.0036731530116428514,4.366666593114019,0.0005000000347614258,4.3668140167037945,0.0007542278324920964,4.3695837272977975,0.0008776458343555768,4.369299998268126,0.000647925002642555,4.404934063230482,0.0037146172523498536,4.410052772300551,0.003501045926080508,4.407916750976683,0.004461986094750632,4.406007352373517,0.0037294871496687237,4.371963709188356,0.0008682857829719696,4.37154204789074,0.0008869292952588939,4.372095781080162,0.0006405351490108497,4.370940978597718,0.0007422824971606294,0.008145210545465227,0.005812754753097244,0.007771395824959882,0.00740227821957905,0.0025256849168669693,0.00214800613476773,0.0021594038737489554,0.0019000000317096735
model27,0.39,128.0,388.0,97.0,7.622500518683112,190.0034226418875,12.541445534242838,199.55669339905938,3.70376532937119,2.8826265033979745,9.952210504434303,-0.8300857312139458,2.097906930186663,1.7450293411697553,5.483255640493203,0.005765456870572553,423.26724460730674,414.4316981858147,58791.52395040074,4552.935684058929,48.420850540526054,3.871546059938903,0.0002740488108619462,0.07751754342274747,-0.030724630210935435,0.030180171808638086,-0.031768869376097,0.031240522294871426,-0.06533782780144581,0.07647604991593324,2.753427952251246,2.7560037531745456,2.7714079853511455,2.7576871805809313,31.861719135072384,31.863954471492928,31.863496980353446,31.861510041194204,9.584724968171372,9.58310316547601,9.583722398994192,9.583372086434789,7.460936530656667,7.458054827838465,7.461178649092312,7.4613241528833,6.821442175716092,6.818338539786697,6.821643041911214,6.8217414826218485,4.617338539846908,0.0011536719127025613,4.613573571309217,0.0009074415121450373,4.617459873418897,0.001266162524387816,4.616317847867086,0.001197441054950931,4.617002335990432,0.0010251456588058151,4.614534708551468,0.0010056262594603724,4.617518230541391,0.0010705522768936512,4.617166332931735,0.0011015539994224243,4.401411034605297,0.003957315140339247,4.406992121903455,0.0030971269244836896,4.4019756357670365,0.0036208539962768556,4.404292721725639,0.003690916475117389,4.376055279986248,0.0009520485600914469,4.377906825388612,0.0012683952700814427,4.380038553478359,0.0013594213459979883,4.380600659088837,0.0011384118061049482,4.4095174572149745,0.003958427286148071,4.414487266932059,0.00374513805675099,4.412493320324914,0.004829432337460788,4.412125572612204,0.004126123290033293,4.377044503773186,0.0011322473027568158,4.377305226502888,0.0010860814419304703,4.378739275789713,0.0010685828595896865,4.377086984349647,0.001156805221946105,0.009207758046880982,0.00689049559498623,0.00904283621865066,0.008749247156601647,0.0029088982470496247,0.002377237646205219,0.00304385303328577,0.002625531754534283
model28,0.47,131.0,377.0,91.0,7.453786089749443,219.1053478612199,11.986398972798398,216.02179337579665,3.697077532285617,2.890562694400921,9.780394338080377,-0.7559352549710183,2.0783586664350246,1.5859711368803018,5.506307013536625,0.006894918827823107,418.28622105687964,407.94208209383265,61686.59928823349,4287.501672348315,46.751623754376276,3.9150419533258334,0.0004064874177430203,0.08581761802122623,-0.03259879167136065,0.03248424420513024,-0.03405448946295627,0.03371481586058479,-0.0670296613203146,0.08462612046045896,2.749968563397486,2.747057896514113,2.824257537071714,2.754270473023668,31.848813743883046,31.850662329031085,31.857382967274024,31.848926567236028,9.580172980730783,9.578588274182014,9.579860444479548,9.579469414541435,7.458439217704281,7.455410759981774,7.4584255589567166,7.458679589930229,6.818741273039089,6.816097538607383,6.818549182386766,6.818720277886591,4.6161449171595015,0.0010985381752229473,4.613020391289442,0.0009217282083583029,4.615891325571901,0.0012150439145944133,4.6145389606484795,0.0011700213073552739,4.61583011772556,0.000971119671063401,4.614191125739394,0.0009543037428136449,4.61534564772902,0.0010295929111784352,4.615216587270437,0.001102753125885582,4.400365227884084,0.003915873998286069,4.405600571011703,0.003055630172445834,4.400108885547643,0.003533000183105469,4.402184937466913,0.003619821762240233,4.376840182822939,0.0011452912961310386,4.379175577129311,0.0014319118014878675,4.379836501850474,0.0013829530636344895,4.38028969671065,0.0011616544326932552,4.40970954272025,0.003987053394317627,4.414580116034008,0.003769417074225791,4.411689981486902,0.004740612241950287,4.41122874259215,0.004107442029758331,4.376052894402355,0.001204038506339441,4.376855498420344,0.001194344519925327,4.378846681412808,0.0012115587481845705,4.3759388979387435,0.0011960100132431327,0.009148553320013674,0.007046844529153776,0.009124931594083396,0.008825477380449505,0.0030810268465886774,0.0027963371512520134,0.0035259038842351768,0.0031257576943021924
model29,0.49,138.0,387.0,86.0,7.997871713081716,184.52617555752374,9.96395095500754,187.38128616091947,3.6831360260085058,2.8690024764654365,10.551249960608544,-0.21285461885020762,2.6090697118852364,1.8672265856211703,5.556978986408151,0.008211782043313662,425.70446693418336,416.9310966745648,52810.06540847481,4235.508957762695,52.414042766310644,4.176653068051443,0.0004981555113130067,0.09904768172069181,-0.037193681455065915,0.036824761892263504,-0.0376134979158828,0.03732039702677158,-0.07669521868150639,0.09795371718237074,2.9904549909995937,2.9843669166204507,3.006431592131957,2.996593611897429,31.823907052813784,31.826458951692977,31.83710153275911,31.824417308551958,9.57279984635416,9.571674059196443,9.57250300457803,9.57202926186601,7.453398558451732,7.450287152934823,7.453301257041021,7.45359743519036,6.81543864193026,6.8128415990144005,6.815385178289701,6.815513041324218,4.61374382148654,0.001092222574196718,4.610894027751876,0.0009281352901262981,4.613860846185472,0.0011798378845141414,4.61267136291695,0.0011500789331007498,4.6139117599034964,0.0009294965479024289,4.611841715699549,0.0009422616979553712,4.613429480845574,0.0009600065320217649,4.613497130170837,0.001082750459087456,4.3993283045303855,0.003955852418532456,4.404648027368726,0.0032672347180606244,4.399485206368238,0.0036126333236694338,4.401141303925222,0.0036609981359407794,4.371290287205232,0.0009867692163805753,4.373054945859098,0.0012478300756878376,4.375147018268364,0.0012652491461185246,4.375642648599832,0.0011070384927361976,4.4077540782138245,0.004033669328689575,4.411630002905875,0.0037708393838234845,4.409468903418909,0.004713187288794634,4.409297896452465,0.004107244190060034,4.3724743925718945,0.0012239022494143464,4.372906175689488,0.0011879506699195262,4.374891292366297,0.0012185103180165704,4.372211002127499,0.0011760682615546776,0.009196991196161856,0.007322265178084401,0.009424651009319034,0.008989392088774145,0.002866002997107968,0.002378063337448522,0.0033012871943743113,0.002839684285807364
model30,0.67,127.0,382.0,82.0,7.35808658932609,206.7244066389592,10.289587841228162,208.97533838544166,3.683988021605574,2.8879208311064315,9.856720351609235,-0.48426289924263294,2.274578184583962,1.5550212013985107,5.4954664593770195,0.00822058151191189,416.38792272495573,408.5788638714882,41866.72951159348,3057.671288061125,45.50256848827901,3.990853946635969,0.0005044275884906142,0.10358035819360109,-0.03578339507454048,0.03645875898996632,-0.03675826336901273,0.03580442261361949,-0.07804008822920586,0.1016874034585997,2.9975674493232236,2.9898459531340995,3.018793899957881,3.001771732268195,31.82298442939293,31.822960428792708,31.829553366083303,31.821460055376154,9.572896988342288,9.572019170658283,9.572325873867305,9.572495040865364,7.452264513923329,7.448173011954481,7.451823579583561,7.451422747862076,6.812388255425916,6.81146546158511,6.81146868524144,6.8117758711093614,4.61243444264331,0.0010360185280056707,4.61200672188558,0.0008618938144407622,4.612874413750882,0.0011160308889000116,4.612233545318345,0.0010420104603182502,4.613524837273875,0.0008379121168891206,4.613097757689376,0.0008072688831899562,4.610850670627592,0.0009910703029971106,4.611607729268758,0.0009985206763419817,4.390626141055985,0.002794835670448402,4.391782290469581,0.002151591774552522,4.39134499746863,0.0027950956106185913,4.391561267680105,0.0029656007767587668,4.377082474543584,0.0010395439809387772,4.379665678908204,0.0013644002234255272,4.376567985810327,0.0011191125785343953,4.375718100924196,0.0009221476452356062,4.406984995274438,0.0037776933670043947,4.409778029387696,0.003642433837918806,4.407366748823978,0.004321366382566644,4.405730001741072,0.0037387413054044537,4.379587397424497,0.0015543315253647681,4.3804678282747425,0.0015545933626151943,4.378856552857407,0.0014065728721303348,4.37716608229902,0.0013282384555256717,0.008206934575616014,0.00717136124709404,0.007957468556263822,0.008168946763634718,0.0039287296525352304,0.003980729268819493,0.0042835119985718505,0.004113031283895972
model31,0.4,149.0,384.0,91.0,8.419961281727627,195.99917776780507,11.496941067334005,197.88777883315882,3.6944807629964522,2.871224424828674,10.039691802498536,-0.4393650161979319,2.4295476251651977,1.798345994133685,5.52304455737101,0.005482394342261303,421.8195737902316,411.7383601298092,61122.86327021248,4531.600761946076,55.025022433530715,4.722446504540582,0.00025052923670161137,0.08629782560514426,-0.03359419197438799,0.032335531237552,-0.03305728482624531,0.03276043664076008,-0.07364970008723604,0.0850649849337394,3.047582324773156,3.028530812293754,3.069297676529445,3.048533886223772,31.843837793285147,31.8465991703607,31.845257877444393,31.844526938759813,9.579548035731802,9.577907058110435,9.578773686525027,9.579036773373572,7.457516952378313,7.454831682912228,7.458067258565797,7.457953996004459,6.817055724473596,6.814158828152725,6.817214758438189,6.816986299282468,4.612813988806245,0.0010805091883287765,4.609060486726281,0.0008243156388235467,4.612539127001522,0.0011453327692594168,4.611358372486112,0.0010773524405484735,4.612204027587593,0.0009322360970872217,4.609754778223945,0.0008772879899535833,4.613252123341698,0.0009700619566458661,4.612650746776829,0.0009650286414961807,4.401933920460163,0.0039014189184301737,4.408695543776844,0.003303803107217577,4.403081335069315,0.003710315704345703,4.4044671567692415,0.003795145227166568,4.367707581117436,0.0005576364100320603,4.367710510074967,0.0008051955851798125,4.3712453919193255,0.000909028069516295,4.3708974868841945,0.0007706433233741362,4.407161813306956,0.003987398433685303,4.411528685856481,0.003711642875533618,4.409796699109865,0.0046606121111099396,4.408389266435502,0.0039481676079418885,4.372176514772038,0.0010279774439966418,4.3717713079482055,0.0009957390745195583,4.372431529056243,0.0008307967805160615,4.371251041175262,0.0008985549834880613,0.009170785456681744,0.006874867496498566,0.008812618295149005,0.008533955663174882,0.0028377233240904085,0.0019633719573436473,0.0024649893553504295,0.002073095576677462
model32,0.31,147.0,381.0,88.0,8.308798909099439,212.0036600161125,12.008963399845811,203.01606251126495,3.6976326762927028,2.873608606009971,9.95380044698574,-0.5395630155956727,2.347907907614888,1.7858992310903188,5.513299334196186,0.005365310619600006,422.10293384741607,411.0165161677567,78945.76671644593,5232.731125950245,54.284417737947415,4.5234151428115945,0.00026423223939098044,0.08281464403686255,-0.03228930117892491,0.03134355155151057,-0.031510963249075714,0.03154764077618092,-0.07106998181739654,0.0817107111958369,2.959973321517064,2.938641026867545,2.9429641801705495,2.960756682050205,31.850160326009522,31.852597615636036,31.850870551219742,31.850733752226986,9.581501646722122,9.579358220800186,9.580859388462288,9.581019644676378,7.458889541143049,7.456369270985289,7.459354519365861,7.459281266265546,6.818252469865341,6.815555404969998,6.818554988564387,6.818260877369576,4.613378139390424,0.0011216967975763684,4.610121155552226,0.0008552774846170356,4.612991883878454,0.0011754085920515824,4.612416480892315,0.001102781780317339,4.612597919764075,0.0009652666428863482,4.610521838661055,0.0009166891611403405,4.613857685192652,0.0010104675355050725,4.613230869716758,0.000994070473538905,4.403201355159041,0.003968117719133466,4.411171985192074,0.0033921379926820884,4.404497190130063,0.0038422950744628906,4.4059671843321055,0.003958459639136473,4.367793305834514,0.0005000000347614258,4.3675169359413255,0.0008110718090662368,4.370312610802506,0.0008777481338099024,4.370041047722122,0.0007706151065377106,4.40757561128557,0.003992497968673706,4.412454099298862,0.0037739806433570522,4.4101761725061985,0.004679272353120706,4.408569792773475,0.003957260777523988,4.37262863124562,0.0010173235485968425,4.372242167054169,0.0009931580920098755,4.37264011730685,0.0008484785205038066,4.371541208165791,0.000893163255004942,0.009347610781817664,0.006889138039679685,0.008913540686375267,0.00858833792911668,0.002937813311517686,0.0019490113473424344,0.0024925112280388562,0.0021629908841030794
model33,0.56,164.0,385.0,94.0,9.364457407132067,179.07751752794516,11.3680433896027,187.22432695551953,3.693571643315233,2.8663036228390424,10.00569367085959,-0.31723150574842895,2.527695754563061,1.7966497927063914,5.506967329860719,0.004788765342920689,416.00808409073596,407.44380868484177,33905.94031873753,2652.3215617446417,60.703834568970244,5.556777943861318,0.0002537507781481268,0.0877906534933187,-0.033630447905135794,0.03195479897861268,-0.03466806980948313,0.03390564112166205,-0.07646030158734946,0.08549637107484263,3.445233156034788,3.429609506610838,3.4511789521867198,3.441201644545473,31.841044272391684,31.843691617203604,31.83867859615569,31.842034790740332,9.578266197711553,9.577059119550011,9.577333750962955,9.578003774720747,7.456647966067193,7.453547391255395,7.45716681139627,7.456995773288615,6.813281012225258,6.810715240125408,6.812860141741523,6.812641992788641,4.608182052960881,0.0008682880852014303,4.604859071495633,0.0006106321751934363,4.607587960099011,0.0009806897936236215,4.606554011327618,0.000871677585995069,4.6077648944125595,0.0008230721594975993,4.605324326121653,0.0007174665489980133,4.607739916212875,0.0008712412224085948,4.607230572886419,0.000786052862689161,4.40083490159304,0.0034561174090020153,4.404581505598381,0.0029831380065111304,4.400972631423965,0.0034064300537109374,4.401985245556061,0.0034581652234600556,4.366370609629333,0.0005000000347614258,4.367799380921804,0.0007423326911961716,4.371225818982598,0.0009065351305196756,4.370115231361874,0.0006886249996892929,4.405768358640238,0.003876377820968628,4.4095751712777425,0.003541736578609799,4.408101356973682,0.004470166084123278,4.406107902510988,0.0037646487035750825,4.370622497242495,0.0008862815283549376,4.370165457683393,0.0009312699798612704,4.3696963549408245,0.000600000036773678,4.369307272246294,0.0006729562951964918,0.008132316375405457,0.006262350415429662,0.00787237633071675,0.007748770265215415,0.0024632656894069647,0.0020951481116218964,0.002180173382058725,0.0019000000317096735
model34,0.26,156.0,384.0,95.0,9.118981627494222,212.383388695305,13.16699929680228,196.77250981182132,3.7077657402722095,2.861639096931773,9.889519604665777,-0.7101526370669643,2.374683225537202,2.006946628915594,5.450097568971984,0.004406070534485497,425.4110406464716,414.4001480834362,83752.86544645012,5477.56049768793,60.09686174146889,5.006598668547062,0.0003802445075291171,0.07098058724569051,-0.028174390159530178,0.027303530666569643,-0.027857583432104073,0.027761522170606134,-0.06264278419023991,0.0694761839295799,3.0941255092437627,3.071259364189436,3.0590955659524472,3.0854771855249763,31.870107293701192,31.87206148248553,31.87082525009483,31.870224472409372,9.588028069137282,9.585376603724406,9.586999503850034,9.587203275469605,7.462154327146407,7.459677855912737,7.46252982830326,7.462434362581602,6.819630535559789,6.817538939959144,6.820001845795645,6.819755119158279,4.611813682174039,0.0010186020861398825,4.609917609953961,0.0007248411301499692,4.611594178821843,0.0011072339947792238,4.611663202230493,0.0009945763360527855,4.61129778842195,0.001004230325519774,4.60963591107989,0.0008634265730292314,4.612287198632402,0.001010534590742723,4.611623532954476,0.0009398073039703392,4.402890535964744,0.003664268973443372,4.410575831309589,0.003139204643054452,4.4042029828006175,0.003774213790893555,4.405859466991927,0.003876469615756883,4.367645046942277,0.0005000000347614258,4.36743204957297,0.0007901446103240987,4.36932901768437,0.0008559487745521437,4.369259670404834,0.000665155203427881,4.4056559646998155,0.003738458824157715,4.411349177520393,0.003605856668015055,4.408684468350007,0.004517846335911331,4.406616883480176,0.003764444641153085,4.373270325835629,0.0008962922970724896,4.372920894530746,0.0009218992532855233,4.373088301139429,0.00070527346399307,4.372116416875503,0.0007869321097742213,0.00844577620820673,0.005925999279724165,0.00796777784153536,0.007568539553885091,0.0026654576279129287,0.0021219851721325594,0.002224316550956369,0.0020059624429125743
model35,0.29,136.0,393.0,87.0,7.988395490914816,186.2527161919821,11.269780427979592,188.8060904702003,3.694273542441727,2.8662076362322684,10.36153005626071,-0.4084967540052589,2.465438087841625,1.8998983711886637,5.510397535452856,0.005324279826307199,427.3095740512263,418.98537202039006,61910.071797292236,5051.073619361695,52.2021324756765,4.118314279728912,0.00013570547020659438,0.08687340037581127,-0.03339404326690733,0.03280538740044841,-0.03278150982081585,0.03281269508660591,-0.07281651720557548,0.0856372143406045,2.9576354894209897,2.959721809789796,2.875908417995907,2.9636837285781286,31.844501001120253,31.846395123093735,31.84717702892143,31.84450068182002,9.579997825613887,9.577818140464982,9.578931857323314,9.57890203860415,7.457627062807244,7.45498657154688,7.458016003971137,7.458004709378427,6.818770384748033,6.816273433064065,6.819026277237265,6.818796710569682,4.6150059993634,0.0012410880034178285,4.612204581026797,0.0009634090549215854,4.614794050156264,0.0012577153545427072,4.614907980184091,0.0011762439432426572,4.614540596130117,0.0009688042686084934,4.612388555702524,0.0009846534426042363,4.615506357197991,0.0010699362031724462,4.615169560308289,0.0010492589010789003,4.4022194359024915,0.003916058254122214,4.409809867771535,0.0033738629146349763,4.403563726803929,0.003823685073852539,4.405170172221981,0.003964097910018413,4.369171612599438,0.0006127126304277881,4.36951526998053,0.0009586117620854007,4.372084457290776,0.0009660867837494103,4.372324211000252,0.0009093367455229069,4.407736429605447,0.004077533769607544,4.412417279023151,0.00384630953052121,4.41053658977885,0.004772389563570982,4.40944076600338,0.004057392877622546,4.373966937424576,0.0011440645258789558,4.373903662047705,0.0010960228353101584,4.3755680802995665,0.0009812679286176338,4.373132190680731,0.0010064423539211532,0.009417354598160505,0.007215266979430116,0.009179869584447298,0.008875128241494449,0.002887969340421655,0.0019691405486500246,0.0026670894666379666,0.0023321098378360624
model36,0.38,158.0,377.0,99.0,9.166410353488706,219.69123854899013,13.121699724185712,203.2131658333453,3.7060550193834003,2.869915027732811,9.742988273782117,-0.725847924838652,2.294165595589122,1.8524017889843298,5.441338905640685,0.004400093017711951,420.1401694548423,408.47636427188695,71208.3086264107,4580.791601616281,59.568323864614776,5.105492865781956,0.00038412780950386065,0.07332419212304984,-0.029049813230424857,0.02753904075160641,-0.029379450691205195,0.028784946373497804,-0.06305069689603932,0.07141617853357642,3.147980905855337,3.1236856429786,3.118505549292578,3.137004836552229,31.86581746395229,31.868231676634622,31.869536530525508,31.866235138394302,9.586687967186233,9.58456150101392,9.585539453977109,9.58586493108219,7.461257985826957,7.458584407745767,7.461689063127024,7.461701804728568,6.818160244113363,6.815737837672863,6.8182375980735515,6.818061723466119,4.610785839186093,0.0009257619606967032,4.60829312082785,0.0006625320409091563,4.610508017245081,0.0010615988034211553,4.610291567825132,0.0009529120013583832,4.610395225469561,0.0009455065670368776,4.608322786694119,0.0008400982552611463,4.610948456446845,0.0009533443706437293,4.61034754572988,0.0008682515720885294,4.402098792705688,0.003594236920112388,4.408057440155372,0.003028176615920654,4.4029103936693765,0.0036126062393188477,4.404498936136913,0.0036700165262106748,4.366604418715021,0.0005000000347614258,4.366951347162848,0.0007455098885512859,4.3699372799882275,0.0008831668667045324,4.369540645896193,0.0006736715515985765,4.4051165911068875,0.0037256446838378906,4.410410467686538,0.0034841624607501297,4.4081428440894115,0.0044524133946760676,4.406225910884236,0.0037426384470535716,4.3720068656847575,0.0008447893632069661,4.371571128111732,0.0008579027370451069,4.372292292093101,0.0006212529290997506,4.3709870451696196,0.0006976905565069821,0.008123584713137667,0.005743708259966537,0.0077489229359742045,0.007421977593901278,0.0025261195479602903,0.0021903210191223316,0.0021640082133766677,0.0019000000317096735
model37,0.66,163.0,392.0,84.0,9.63632648134739,157.16405180890172,9.628048375667461,156.30741232974705,3.679794306735481,2.8540833480643006,10.367583967078955,0.04728103288099593,2.8736003854375425,1.9074282032647865,5.516768686214482,0.00677841108266854,418.9642975148505,413.24977602147146,33265.367949947824,2240.48897069212,64.32247023695139,5.556275337502096,0.0007671082520175666,0.10235921713716231,-0.03754882700890306,0.036829731024168366,-0.03913285534423641,0.0387958023832802,-0.08931439618049083,0.10057096421489116,3.6241065289326917,3.621877294525376,3.5932595991931118,3.6464659372031947,31.817042940411373,31.818611645329515,31.80867531341115,31.817576954415138,9.56973239929047,9.569451700568516,9.569720349966603,9.569802011371808,7.451612876005908,7.448023078142957,7.451424516835492,7.451580271369708,6.809467915121285,6.807371327513766,6.8087856020102375,6.808463964979918,4.606492263970699,0.000774122076754594,4.604093416384665,0.0006053377809588485,4.605437404988869,0.0009469634308962558,4.604884546727478,0.0008387509500313385,4.606036753379379,0.0007922060748134293,4.604726744482819,0.0006614497943327075,4.604812809062324,0.0008142654598607714,4.604965277886259,0.0007906272964958582,4.39858032880508,0.003395571303641021,4.4019171767861085,0.003029171167205642,4.397989719432917,0.0033318275451660155,4.398956649376879,0.0033855624834518453,4.368226893329559,0.0008033975719362045,4.370717180644949,0.0010331581308353883,4.3721923963120295,0.0011079122903228328,4.371392943383489,0.0008727701931474596,4.40576246600758,0.0038821969509124756,4.409044788234577,0.003651055242790114,4.406850330125321,0.0044349504911934115,4.405296793773261,0.003843970299010165,4.370128693892769,0.0010178576300689272,4.369992636790417,0.0010961463778604004,4.367708784808075,0.000818178955286479,4.368628951329834,0.0008842836715812817,0.008112926366701969,0.006635888171485097,0.008243869748291222,0.007905958809750124,0.0025120975647310766,0.002220593056652243,0.0028181786828387675,0.002430393344813793
model38,0.28,132.0,393.0,96.0,7.858994498687362,184.84270696894103,12.734217908192276,192.63024916070182,3.706297159162679,2.8725320413443503,10.05623865753165,-0.7660644031649956,2.19186550146529,1.8674354846694579,5.4491029701302285,0.004506656098420873,425.737273442789,418.1463892112327,63514.94395614856,5075.833862259176,50.23532741275131,3.992595049891315,0.00016493186093031017,0.07429585570723701,-0.029441735453953233,0.0287588772982806,-0.029410231922742835,0.029228550394972262,-0.06338409103422166,0.07299692107071666,2.85152911138399,2.858610034050737,2.7753783333434217,2.857085194320172,31.866792170044874,31.868543738852832,31.868656064485393,31.86639676879148,9.587041347570407,9.584730908153848,9.585601509153474,9.585592002914543,7.461813486504197,7.459234606710736,7.462279706573688,7.462118701584003,6.821896840060489,6.819245502947629,6.822337349859889,6.822105181760422,4.616648446258349,0.0012597591111658413,4.613532151174561,0.0009215779331352327,4.616641321686539,0.0012934428775555845,4.616650652230283,0.0011836917228758529,4.616056370218144,0.0010223125899162457,4.6136519866158565,0.001013289389752845,4.617435314992577,0.0011200342441049335,4.616946546900893,0.0010630037942855153,4.402558780965936,0.003814348013330789,4.40989436776047,0.0031976035574906034,4.4040692852774885,0.0037572057723999023,4.405984592130704,0.0038926606790918666,4.3725022300399905,0.0006431303800945454,4.372972249231027,0.0009806688011695112,4.375344956443752,0.0010485642838175256,4.37567430437544,0.0009145654969739261,4.408167769882055,0.003945831203460693,4.413301073035389,0.0037823432210694393,4.411601595449358,0.00477329775986493,4.410354626207473,0.004004198996963544,4.3768983657132665,0.001081075259614493,4.376727823120216,0.0010402156666560374,4.378539795205829,0.0009077563353021157,4.37623931098679,0.0010108116959282511,0.009233119212479273,0.006823871434471348,0.008780324282948889,0.008600270314375802,0.0028656541251744095,0.001994517763224511,0.0024968186262651817,0.0021874783664925282
model39,0.25,142.0,387.0,83.0,7.960670280519732,207.66252320284383,11.29162449512707,194.88995230828047,3.693014306332287,2.8689477373516525,10.248708163845654,-0.38485852173393315,2.455989214004351,1.8503364643458704,5.521540286041538,0.005605507723834225,426.2000373914941,416.2196197963993,80108.99553584022,5657.238721787523,52.24900225817732,4.250562474837014,0.00019971185448736315,0.08797053369945046,-0.0336216607144898,0.03316498457970441,-0.03236254719345775,0.03283278070825991,-0.07348702016292359,0.08702242226402639,2.915832711024861,2.9069952249402506,2.88401699225423,2.9211469363339595,31.842244307072693,31.84425904261974,31.84600804767797,31.84261815701128,9.579198524578251,9.576726321803843,9.578587106596503,9.578584224139005,7.457424319418886,7.455014658766307,7.457816102613748,7.457787585423035,6.818469666582047,6.816017402161182,6.8187973081376905,6.818471736998276,4.614675892559122,0.0012511947460466246,4.611938349515109,0.0009901793950107718,4.6141451976359695,0.0012547418577739877,4.614063203491899,0.0011879592666906291,4.613878419047021,0.0009687748835132385,4.612049881508566,0.000981868117723885,4.615126751294309,0.0010682065058666699,4.614730653439081,0.0010556885744974196,4.403477909784216,0.0040455025655913995,4.4126812682818475,0.0035602956412889154,4.405001780428231,0.003964388084411621,4.406403857118872,0.00413546636882811,4.367405396679611,0.0005518972744822542,4.3669993121820285,0.0008678426283877099,4.36943009274387,0.0008430181262076035,4.369441256874356,0.000831954995233376,4.407857239422924,0.004117469310760498,4.41278546550826,0.0039092008584934845,4.410347478056306,0.004753017677612459,4.408887691783314,0.004051405651828883,4.372930372994488,0.0011384721199463714,4.37275493281969,0.0010974985867461813,4.373405344566958,0.000990607784806979,4.371739540596896,0.0009701036577186957,0.009710450571876616,0.007319273978773561,0.00935782673778105,0.00900465260078345,0.003031039877994603,0.0019187758087176425,0.0026621637655857545,0.002369648249933109
model40,0.43,125.0,392.0,94.0,7.738007044829018,182.01979769170296,12.106037880543102,185.8425131733797,3.7010408505663643,2.881889198087553,10.122860746330737,-0.7350264779621455,2.149380305492936,1.744709980193607,5.496925642412077,0.005900843932091933,423.0993117017799,415.00617115339946,50133.87215331719,3822.4256970444103,49.04827504142554,3.84854200139943,0.00025057772507717667,0.08128407502190217,-0.031511009154699045,0.031247842657584176,-0.03334757650929106,0.03291425735806083,-0.07018101184456733,0.08005868879049581,2.8808876668777494,2.886240796442141,2.8141840744279247,2.8880300830884544,31.856133641800366,31.857890701412042,31.85222916723792,31.856026518421228,9.58244325997596,9.580827114370278,9.581661469946004,9.581273314827397,7.459826834777524,7.456860097754548,7.459928441440056,7.460133205220054,6.8198357452628064,6.817093681805913,6.81969254689277,6.819803635647432,4.6160982482538655,0.0010996009737489557,4.612993285690203,0.0008954776803508212,4.615950151761455,0.0012300523038113805,4.615976243191363,0.0011615279429796107,4.615807087135644,0.0009864341038659553,4.61390459506524,0.0009780267476141816,4.615536266631979,0.0010679471362074376,4.615417713579484,0.0010854869684348088,4.400878397522575,0.0038210337708861996,4.405820024031234,0.002994770134287825,4.400949544079813,0.003521133041381836,4.403086779461697,0.003603475935463982,4.377707296300603,0.0010862466539595602,4.380909891774673,0.0014150499868157192,4.381544352287659,0.0014486100550502943,4.38186213703412,0.001218558135811988,4.410037073077462,0.004012020874023438,4.41519986325968,0.003805305071519395,4.412561819799063,0.004825632933402009,4.412065173615633,0.004141208674316848,4.377445133971072,0.0011791755010479858,4.378144663702631,0.0011758947301892329,4.37836761968102,0.0010937703495005763,4.377257678503533,0.001159811674047912,0.009019719879320402,0.006908936078861323,0.008978422537842248,0.008708490339934686,0.0030045587869882034,0.0026754144040256585,0.003405547013803006,0.0030025863703078363
